{"cameraMode":{"drawMode":0,"name":"Shaded","section":"Shading Mode"},"sceneLighting":true,"audioPlay":false,"sceneViewState":{"showFog":true,"showMaterialUpdate":false,"showSkybox":true,"showFlares":true,"showImageEffects":true,"showParticleSystems":true},"in2DMode":false,"pivot":{"x":63.74003601074219,"y":0.7679443359375,"z":37.724609375},"rotation":{"x":-0.05092141777276993,"y":-0.9020876884460449,"z":0.11096762865781784,"w":-0.4139387309551239},"size":2.494330644607544,"orthographic":true}