{"cameraMode":{"drawMode":0,"name":"Shaded","section":"Shading Mode"},"sceneLighting":true,"audioPlay":false,"sceneViewState":{"showFog":true,"showMaterialUpdate":false,"showSkybox":false,"showFlares":true,"showImageEffects":true,"showParticleSystems":true},"in2DMode":false,"pivot":{"x":-9.039860725402832,"y":-11.809001922607422,"z":-14.269660949707032},"rotation":{"x":-0.2457897663116455,"y":0.0847809687256813,"z":-0.021586863324046136,"w":-0.9653711318969727},"size":69.10882568359375,"orthographic":false}