{"cameraMode":{"drawMode":0,"name":"Shaded","section":"Shading Mode"},"sceneLighting":true,"audioPlay":false,"sceneViewState":{"showFog":true,"showMaterialUpdate":false,"showSkybox":true,"showFlares":true,"showImageEffects":true,"showParticleSystems":true},"in2DMode":false,"pivot":{"x":64.08999633789063,"y":0.8526232838630676,"z":37.6619987487793},"rotation":{"x":-0.011972393840551377,"y":0.9668620824813843,"z":-0.2508079409599304,"w":-0.04615344479680061},"size":1.3511370420455933,"orthographic":false}